<?xml version="1.0"?>
<Target name="Melon-S3" version="1.0" arbitrationDefault="ArbitrateIfMultipleAccessorsOnly">
   <:Include what="children">resource/RVI/FPGATargetXML/niLvFpgaTargetNecessities.xml</:Include>
   <:Include what="children">Targets/NI/FPGA/QwaveSys/QwaveResourcePrototypes.xml</:Include>
   
   <TargetClass>COM.NI.FPGA.QWAVEMELONS3</TargetClass>
   <FPGAItemSubType>{3659df9c-be95-408a-a8de-024ccc828888}</FPGAItemSubType>
   <DeviceCategory>3rd Party</DeviceCategory>
   <FindTargetVIPath>Targets/NI/FPGA/QwaveSys/SupportFiles/FPGA_DiscoverDevices.vi</FindTargetVIPath>
   <DeviceResourceNameForCreateNew>Dev1</DeviceResourceNameForCreateNew>
   
   <DefaultReliableClock>50 MHz Onboard Clock</DefaultReliableClock>
   
   <ClockList>
	<Clock name="50 MHz Onboard Clock">
            <DefaultTopLevelClock/>
            <VhdlName>OnboardClock</VhdlName>
            <DisplayInProject>OnTargetCreation</DisplayInProject>
            <FreqInHertz>
                <DefaultValue>50M</DefaultValue>
            </FreqInHertz>
            <AccuracyInPPM>
                <DefaultValue>50</DefaultValue>
            </AccuracyInPPM>
            <JitterInPicoSeconds>
                <DefaultValue>250</DefaultValue>
            </JitterInPicoSeconds>
            <DutyCycleRangeInPercentHigh>
                <Max>60</Max>
                <Min>40</Min>
            </DutyCycleRangeInPercentHigh>
            <GeneratePeriodConstraints/>
            <SupportDerivedClocks/>
        </Clock>
		
        <Clock name="ChinchClk">
            <FreqInHertz>
                <DefaultValue>50M</DefaultValue>
            </FreqInHertz>
            <AccuracyInPPM>
                <DefaultValue>50</DefaultValue>
            </AccuracyInPPM>
            <JitterInPicoSeconds>
                <DefaultValue>250</DefaultValue>
            </JitterInPicoSeconds>
            <GeneratePeriodConstraints/>
        </Clock>
   </ClockList>
   
   <ClockResources>
      <NumberOfDCMs>4</NumberOfDCMs>
      <NumberOfBUFGs>15</NumberOfBUFGs>
   </ClockResources>
   
   <SupportUserXilinxOptions/>
   <!-- <SupportUserXilinxOptionsVIPath>
      Targets/NI/FPGA/RIO/nirio_SupportUserXilinxOptions.vi
   </SupportUserXilinxOptionsVIPath USE THIS TO MODIFY HOW DEFAULT PAGE WORKS -->

   <FPGACompilation>
      <DeviceFamily>spartan3e</DeviceFamily>
      <FPGADevice>xc3s500e</FPGADevice>
      <SpeedGrade>-4</SpeedGrade>
      <Package>pq208</Package>
      <!-- Written on the FPGA -->
      <Top>toplevel_gen</Top>
      <Architecture>RTL</Architecture>
      <ProcessPropertyList>
         <Process name="Synthesize - XST">
            <PropertyList>
               <Property name="Optimization Goal"><Value>Speed</Value></Property>
               <Property name="Generate RTL Schematic"><Value>Yes</Value></Property>
               <Property name="Read Cores"><Value>true</Value></Property>
               <Property name="ROM Extraction"><Value>true</Value></Property>
               <Property name="RAM Extraction"><Value>true</Value></Property>
               <Property name="RAM Style"><Value>Auto</Value></Property>
            </PropertyList>
         </Process>
         <Process name="Generate Programming File">
            <PropertyList>
               <Property name="Create ReadBack Data Files"><Value>true</Value></Property>
               <Property name="Create Mask File"><Value>true</Value></Property>
               <Property name="Create ASCII Configuration File"><Value>true</Value></Property>
               <Property name="Done (Output Events)"><Value>6</Value></Property>
               <Property name="Release Write Enable (Output Events)"><Value>4</Value></Property>
               <Property name="FPGA Start-Up Clock"><Value>CCLK</Value></Property>
            </PropertyList>
         </Process>
      </ProcessPropertyList>
   </FPGACompilation>
   
   <SupportRunVIWhenLoaded/>
	<SupportInteractiveRun/>
   <SupportCLIPs/>
   <Emulation>
      <SupportRandomData/>
   </Emulation>
   
   <FPGASynthesisSourceFileList prototype="#{document-root}/QwaveSourcePrototypes/QwaveFPGASynthesisSourceFileList">
      <Path>Targets/NI/FPGA/QwaveSys/MelonS3Fpga/FPGAFiles</Path>
   </FPGASynthesisSourceFileList>

   <!-- These interfaces are prototyped in the QwaveInterface component -->
   <HardwareInterface prototype="#{document-root}/QwaveInterfacePrototypes/QwaveHardwareInterface"/>
   <!-- The address/register settings -->
   <HostInterfacesSupported prototype="#{document-root}/QwaveInterfacePrototypes/QwaveHostInterfacesSupported"/>
   <PlugInImplementations prototype="#{document-root}/QwaveInterfacePrototypes/QwavePlugInImplementations"/>
   
    <ResourceList name="LED">
		<IOResource name = "LEDs"     prototype="#{document-root}/Stock/u8DigitalInputAndOutputIntTristate"/>
		<IOResource name = "LED0"     prototype="#{document-root}/Stock/boolDigitalInputAndOutputIntTristate"/>
		<IOResource name = "LED1"     prototype="#{document-root}/Stock/boolDigitalInputAndOutputIntTristate"/>
		<IOResource name = "LED2"     prototype="#{document-root}/Stock/boolDigitalInputAndOutputIntTristate"/>
		<IOResource name = "LED3"     prototype="#{document-root}/Stock/boolDigitalInputAndOutputIntTristate"/>
		<IOResource name = "LED4"     prototype="#{document-root}/Stock/boolDigitalInputAndOutputIntTristate"/>
		<IOResource name = "LED5"     prototype="#{document-root}/Stock/boolDigitalInputAndOutputIntTristate"/>
		<IOResource name = "LED6"     prototype="#{document-root}/Stock/boolDigitalInputAndOutputIntTristate"/>
		<IOResource name = "LED7"     prototype="#{document-root}/Stock/boolDigitalInputAndOutputIntTristate"/>
   	</ResourceList>

	<ResourceList name="SWITCH">
		<IOResource name = "SW1"     prototype="#{document-root}/Stock/boolDigitalInputAndOutputIntTristate"/>
		<IOResource name = "SW2"     prototype="#{document-root}/Stock/boolDigitalInputAndOutputIntTristate"/>
		<IOResource name = "SW3"     prototype="#{document-root}/Stock/boolDigitalInputAndOutputIntTristate"/>
		<IOResource name = "SW4"     prototype="#{document-root}/Stock/boolDigitalInputAndOutputIntTristate"/>
	</ResourceList>
	
	<ResourceList name="SERIAL">
		<IOResource name = "USB_RX"     prototype="#{document-root}/Stock/boolDigitalInputAndOutputIntTristate"/>
		<IOResource name = "USB_TX"     prototype="#{document-root}/Stock/boolDigitalInputAndOutputIntTristate"/>
		<IOResource name = "ESP_RX"     prototype="#{document-root}/Stock/boolDigitalInputAndOutputIntTristate"/>
		<IOResource name = "ESP_TX"     prototype="#{document-root}/Stock/boolDigitalInputAndOutputIntTristate"/>
	</ResourceList>
	
	<ResourceList name="CONNECTOR">
	  <ResourceList name="P1">
		<IOResource name = "P1_3_SDA"  prototype="#{document-root}/Stock/boolDigitalInputAndOutputIntTristate"/>
		<IOResource name = "P1_5_SCL"  prototype="#{document-root}/Stock/boolDigitalInputAndOutputIntTristate"/>
		<IOResource name = "P1_7"      prototype="#{document-root}/Stock/boolDigitalInputAndOutputIntTristate"/>
		<IOResource name = "P1_8_TXD"  prototype="#{document-root}/Stock/boolDigitalInputAndOutputIntTristate"/>
		<IOResource name = "P1_10_RXD" prototype="#{document-root}/Stock/boolDigitalInputAndOutputIntTristate"/>
		<IOResource name = "P1_11"     prototype="#{document-root}/Stock/boolDigitalInputAndOutputIntTristate"/>
		<IOResource name = "P1_12"     prototype="#{document-root}/Stock/boolDigitalInputAndOutputIntTristate"/>
		<IOResource name = "P1_13"     prototype="#{document-root}/Stock/boolDigitalInputAndOutputIntTristate"/>
		<IOResource name = "P1_15"     prototype="#{document-root}/Stock/boolDigitalInputAndOutputIntTristate"/>
		<IOResource name = "P1_16"     prototype="#{document-root}/Stock/boolDigitalInputAndOutputIntTristate"/>
		<IOResource name = "P1_18"     prototype="#{document-root}/Stock/boolDigitalInputAndOutputIntTristate"/>
		<IOResource name = "P1_19"     prototype="#{document-root}/Stock/boolDigitalInputAndOutputIntTristate"/>
		<IOResource name = "P1_21"     prototype="#{document-root}/Stock/boolDigitalInputAndOutputIntTristate"/>
		<IOResource name = "P1_22"     prototype="#{document-root}/Stock/boolDigitalInputAndOutputIntTristate"/>
		<IOResource name = "P1_23"     prototype="#{document-root}/Stock/boolDigitalInputAndOutputIntTristate"/>
		<IOResource name = "P1_24"     prototype="#{document-root}/Stock/boolDigitalInputAndOutputIntTristate"/>
		<IOResource name = "P1_26"     prototype="#{document-root}/Stock/boolDigitalInputAndOutputIntTristate"/>
		<IOResource name = "P1_27"     prototype="#{document-root}/Stock/boolDigitalInputAndOutputIntTristate"/>
		<IOResource name = "P1_28"     prototype="#{document-root}/Stock/boolDigitalInputAndOutputIntTristate"/>
		<IOResource name = "P1_29"     prototype="#{document-root}/Stock/boolDigitalInputAndOutputIntTristate"/>
		<IOResource name = "P1_31"     prototype="#{document-root}/Stock/boolDigitalInputAndOutputIntTristate"/>
		<IOResource name = "P1_32"     prototype="#{document-root}/Stock/boolDigitalInputAndOutputIntTristate"/>
		<IOResource name = "P1_33"     prototype="#{document-root}/Stock/boolDigitalInputAndOutputIntTristate"/>
		<IOResource name = "P1_35"     prototype="#{document-root}/Stock/boolDigitalInputAndOutputIntTristate"/>
		<IOResource name = "P1_36"     prototype="#{document-root}/Stock/boolDigitalInputAndOutputIntTristate"/>
		<IOResource name = "P1_37"     prototype="#{document-root}/Stock/boolDigitalInputAndOutputIntTristate"/>
		<IOResource name = "P1_38"     prototype="#{document-root}/Stock/boolDigitalInputAndOutputIntTristate"/>
		<IOResource name = "P1_40"     prototype="#{document-root}/Stock/boolDigitalInputAndOutputIntTristate"/>
	  </ResourceList>
	
	  <ResourceList name="P2">
		<IOResource name = "P2_3"     prototype="#{document-root}/Stock/boolDigitalInputAndOutputIntTristate"/>
		<IOResource name = "P2_5"     prototype="#{document-root}/Stock/boolDigitalInputAndOutputIntTristate"/>
		<IOResource name = "P2_7"     prototype="#{document-root}/Stock/boolDigitalInputAndOutputIntTristate"/>
		<IOResource name = "P2_8"     prototype="#{document-root}/Stock/boolDigitalInputAndOutputIntTristate"/>
		<IOResource name = "P2_10"     prototype="#{document-root}/Stock/boolDigitalInputAndOutputIntTristate"/>
		<IOResource name = "P2_11"     prototype="#{document-root}/Stock/boolDigitalInputAndOutputIntTristate"/>
		<IOResource name = "P2_12"     prototype="#{document-root}/Stock/boolDigitalInputAndOutputIntTristate"/>
		<IOResource name = "P2_13"     prototype="#{document-root}/Stock/boolDigitalInputAndOutputIntTristate"/>
		<IOResource name = "P2_15"     prototype="#{document-root}/Stock/boolDigitalInputAndOutputIntTristate"/>
		<IOResource name = "P2_16"     prototype="#{document-root}/Stock/boolDigitalInputAndOutputIntTristate"/>
		<IOResource name = "P2_18"     prototype="#{document-root}/Stock/boolDigitalInputAndOutputIntTristate"/>
		<IOResource name = "P2_19"     prototype="#{document-root}/Stock/boolDigitalInputAndOutputIntTristate"/>
		<IOResource name = "P2_21"     prototype="#{document-root}/Stock/boolDigitalInputAndOutputIntTristate"/>
		<IOResource name = "P2_22"     prototype="#{document-root}/Stock/boolDigitalInputAndOutputIntTristate"/>
		<IOResource name = "P2_23"     prototype="#{document-root}/Stock/boolDigitalInputAndOutputIntTristate"/>
		<IOResource name = "P2_24"     prototype="#{document-root}/Stock/boolDigitalInputAndOutputIntTristate"/>
		<IOResource name = "P2_26"     prototype="#{document-root}/Stock/boolDigitalInputAndOutputIntTristate"/>
		<IOResource name = "P2_27"     prototype="#{document-root}/Stock/boolDigitalInputAndOutputIntTristate"/>
		<IOResource name = "P2_28"     prototype="#{document-root}/Stock/boolDigitalInputAndOutputIntTristate"/>
		<IOResource name = "P2_29"     prototype="#{document-root}/Stock/boolDigitalInputAndOutputIntTristate"/>
		<IOResource name = "P2_31"     prototype="#{document-root}/Stock/boolDigitalInputAndOutputIntTristate"/>
		<IOResource name = "P2_32"     prototype="#{document-root}/Stock/boolDigitalInputAndOutputIntTristate"/>
		<IOResource name = "P2_33"     prototype="#{document-root}/Stock/boolDigitalInputAndOutputIntTristate"/>
		<IOResource name = "P2_35"     prototype="#{document-root}/Stock/boolDigitalInputAndOutputIntTristate"/>
		<IOResource name = "P2_36"     prototype="#{document-root}/Stock/boolDigitalInputAndOutputIntTristate"/>
		<IOResource name = "P2_37"     prototype="#{document-root}/Stock/boolDigitalInputAndOutputIntTristate"/>
		<IOResource name = "P2_38"     prototype="#{document-root}/Stock/boolDigitalInputAndOutputIntTristate"/>
		<IOResource name = "P2_40"     prototype="#{document-root}/Stock/boolDigitalInputAndOutputIntTristate"/>
	  </ResourceList>
	</ResourceList>
	
   <DownloadFlashVIMenuItem>
      <LocalizedName>Download VI To Flash Memory ...</LocalizedName>
      <VIPath>Targets/NI/FPGA/QwaveSys/SupportFiles/ESP8266_DownloadVIToFlash.vi</VIPath>
      <SupportedModes>Interactive</SupportedModes>
   </DownloadFlashVIMenuItem>
   <SetDownloadAsStartupVIMenuItem>
      <LocalizedName>Set FPGA Download As Startup</LocalizedName>
      <VIPath>Targets/NI/FPGA/QwaveSys/SupportFiles/ESP8266_SetDownloadAsStartup.vi</VIPath>
      <SupportedModes>Interactive</SupportedModes>
   </SetDownloadAsStartupVIMenuItem>
   <UnsetDownloadAsStartupVIMenuItem>
      <LocalizedName>Unset FPGA Download As Startup</LocalizedName>
      <VIPath>Targets/NI/FPGA/QwaveSys/SupportFiles/ESP8266_UnsetDownloadAsStartup.vi</VIPath>
      <SupportedModes>Interactive</SupportedModes>
   </UnsetDownloadAsStartupVIMenuItem>
   <EspRebootVIMenuItem>
      <LocalizedName>Reboot ...</LocalizedName>
      <VIPath>Targets/NI/FPGA/QwaveSys/SupportFiles/ESP8266_Reboot.vi</VIPath>
      <SupportedModes>Interactive</SupportedModes>
   </EspRebootVIMenuItem>
   <GenBitFileVIMenuItem>
      <LocalizedName>Gen Bit File ...</LocalizedName>
      <VIPath>Targets/NI/FPGA/QwaveSys/SupportFiles/FPGA_BitFileGen.vi</VIPath>
      <SupportedModes>Interactive</SupportedModes>
   </GenBitFileVIMenuItem>
   <GetArduinoDefineVIMenuItem>
      <LocalizedName>Get Controls Define For Arduino ...</LocalizedName>
      <VIPath>Targets/NI/FPGA/QwaveSys/SupportFiles/FPGA_Get_Controls_For_Arduino.vi</VIPath>
      <SupportedModes>Interactive</SupportedModes>
   </GetArduinoDefineVIMenuItem>
   <DeviceConnectTargetMenuItem>
      <LocalizedName>Connect To Device ...</LocalizedName>
      <VIPath>Targets/NI/FPGA/QwaveSys/SupportFiles/ESP8266_DeviceConnect.vi</VIPath>
      <SupportedModes>Interactive</SupportedModes>
   </DeviceConnectTargetMenuItem>
   <ProjectItemUI prototype="#{document-root}/Stock/StockMenus/projectItemUIForTargetsThatSupportInteractiveMode">
      <Item name="VI">
         <PopupMenuList>
            <MenuList name="Tools">
               <MenuItem name="GenBitFile" prototype="#{document-root}/GenBitFileVIMenuItem"></MenuItem>
			   <MenuItem name="DownloadFlash" prototype="#{document-root}/DownloadFlashVIMenuItem"></MenuItem>
			   <MenuItem name="SetAsStartup" prototype="#{document-root}/SetDownloadAsStartupVIMenuItem"></MenuItem>
			   <MenuItem name="UnsetAsStartup" prototype="#{document-root}/UnsetDownloadAsStartupVIMenuItem"></MenuItem>
			   <MenuItem name="GetArduinoDefine" prototype="#{document-root}/GetArduinoDefineVIMenuItem"></MenuItem>
			   <MenuItem name="EspReboot" prototype="#{document-root}/EspRebootVIMenuItem"></MenuItem>
            </MenuList>
         </PopupMenuList>
      </Item>
	  <Item name="FPGA Target">
         <PopupMenuList>
            <MenuList name="Tools">
               <MenuItem name="DownloadFlash" prototype="#{document-root}/DeviceConnectTargetMenuItem"/>
            </MenuList>
         </PopupMenuList>
      </Item>
   </ProjectItemUI>
</Target>
