<?xml version="1.0"?>
<Qwave>
   <QwaveInterfacePrototypes>

<!-- "PlugInImplementation" (>=2010) tags prototype -->
      <QwavePlugInImplementations>
         <!-- <LibraryName>Targets\NI\FPGA\QwaveSys\SupportFiles\QwaveFpgaLv.*</LibraryName> -->
		 <LibraryName>QwaveFpgaLv.*</LibraryName>
		 <CPlugIn name="Read32">
            <FunctionName>QwaveFpgaLv_Read32</FunctionName>
         </CPlugIn>
         <CPlugIn name="Write32">
            <FunctionName>QwaveFpgaLv_Write32</FunctionName>
         </CPlugIn>
         <CPlugIn name="ReadBigControl">
            <FunctionName>QwaveFpgaLv_ReadArray32</FunctionName>
         </CPlugIn>
         <CPlugIn name="WriteBigControl">
            <FunctionName>QwaveFpgaLv_WriteArray32</FunctionName>
         </CPlugIn>
         <CPlugIn name="Open">
            <FunctionName>QwaveFpgaLv_Open</FunctionName>
         </CPlugIn>
         <CPlugIn name="Download">
            <FunctionName>QwaveFpgaLv_Download</FunctionName>
         </CPlugIn>
         <CPlugIn name="Close">
            <FunctionName>QwaveFpgaLv_Close</FunctionName>
         </CPlugIn>
         <CPlugIn name="Run">
            <FunctionName>QwaveFpgaLv_Run</FunctionName>
         </CPlugIn>
         <CPlugIn name="Reset">
            <FunctionName>QwaveFpgaLv_Reset</FunctionName>
         </CPlugIn>
         <CPlugIn name="Abort">
            <FunctionName>QwaveFpgaLv_Abort</FunctionName>
         </CPlugIn>
      </QwavePlugInImplementations>
      
<!-- "HardwareInterface" tags prototype -->
      <QwaveHardwareInterface>
         <Type>ChinchLike</Type>
         <ClockName>ChinchClk</ClockName>
         <RegisterAccessStrategies> BusHold </RegisterAccessStrategies>
         <DoNotPrintFiles/>
      </QwaveHardwareInterface>
      
<!-- "HostInterfacesSupported" (>=2010) tags prototype -->
      <QwaveHostInterfacesSupported>
         <Open>
            <SupportRunWhenOpened/>
		<DeviceOrResourceNameInput>Forbidden</DeviceOrResourceNameInput>
         </Open>
         <Close/>
         <ReadAndWriteControl/>
         <Run/>
         <Download/>
         <Abort/>
         <Reset/>
      </QwaveHostInterfacesSupported>
   </QwaveInterfacePrototypes>
   
   <QwaveSourcePrototypes>
      <QwaveFPGASynthesisSourceFileList>
	 <Path>rvi/HDL/CommInterfaces/BoundaryScan</Path>
         <Path>Targets/NI/FPGA/QwaveSys/SupportFiles/VHDL</Path>
      </QwaveFPGASynthesisSourceFileList>
   </QwaveSourcePrototypes>
   
<!-- These are constants that are automagically inserted into the parent 
resource file, these _cannot_ be changed without breaking functionality -->
   <BaseAddressOnDevice>0x0</BaseAddressOnDevice>
   <MostSignificantAddressLine>12</MostSignificantAddressLine>
   <LeastSignificantAddressLine>2</LeastSignificantAddressLine>
   <ResetRegisterSizeInBits>32</ResetRegisterSizeInBits>
   
<!-- These NICores are required by the Chinch-like interface -->   
   <RequiredNICoresFiles>
      PkgNiUtilities.vhd, PulseSyncBase.vhd, PulseSyncBool.vhd, PkgChinchCommunicationInterface.vhd, PkgCommunicationInterface.vhd, DFlop.vhd
   </RequiredNICoresFiles>

   <QwaveDIO prototype="#{document-root}/Stock/boolDigitalInputAndOutputIntTristate">
      <AttributeSet>
	 <Attribute name="ArbitrationForOutputData">
	    <Value>NeverArbitrate</Value>
	 </Attribute>
	 <Attribute name="ArbitrationForOutputEnable">
	    <Value>NeverArbitrate</Value>
	 </Attribute>
      </AttributeSet>     
      <MethodSet prototype="#{document-root}/Stock/WaitMethods"/>
   </QwaveDIO>
</Qwave>